Order,Family,Genus,Species,Species_epithet
Afrosoricida,Chrysochloridae,Chrysochloris,Chrysochloris asiatica,asiatica
Afrosoricida,Chrysochloridae,Chrysochloris,Chrysochloris stuhlmanni,stuhlmanni
Afrosoricida,Chrysochloridae,Eremitalpa,Eremitalpa granti,granti
Afrosoricida,Tenrecidae,Tenrec,Tenrec ecaudatus,ecaudatus
Afrosoricida,Tenrecidae,Setifer,Setifer setosus,setosus
Afrosoricida,Tenrecidae,Hemicentetes,Hemicentetes semispinosus,semispinosus
Afrosoricida,Tenrecidae,Echinops,Echinops telfairi,telfairi
Afrosoricida,Tenrecidae,Oryzorictes,Oryzorictes hova,hova
Afrosoricida,Tenrecidae,Microgale,Microgale cowani,cowani
Afrosoricida,Tenrecidae,Microgale,Microgale dobsoni,dobsoni
Afrosoricida,Tenrecidae,Limnogale,Limnogale mergulus,mergulus
Afrosoricida,Tenrecidae,Potamogale,Potamogale velox,velox
Artiodactyla,Bovidae,Boselaphus,Boselaphus tragocamelus,tragocamelus
Artiodactyla,Bovidae,Boselaphus,Boselaphus tragocamelus,tragocamelus
Artiodactyla,Bovidae,Capra,Capra aegagrus,aegagrus
Artiodactyla,Bovidae,Capra,Capra aegagrus,aegagrus
Artiodactyla,Bovidae,Bos,Bos taurus,taurus
Artiodactyla,Bovidae,Bison,Bison bison,bison
Artiodactyla,Bovidae,Syncerus,Syncerus caffer,caffer
Artiodactyla,Bovidae,Syncerus,Syncerus caffer,caffer
Artiodactyla,Bovidae,Syncerus,Syncerus caffer,caffer
Artiodactyla,Bovidae,Tragelaphus,Tragelaphus sylvaticus,sylvaticus
Artiodactyla,Bovidae,Tragelaphus,Tragelaphus sylvaticus,sylvaticus
Artiodactyla,Bovidae,Madoqua,Madoqua kirkii,kirkii
Artiodactyla,Bovidae,Raphicerus,Raphicerus campestris,campestris
Artiodactyla,Bovidae,Cephalophus,Cephalophus monticola,monticola
Artiodactyla,Bovidae,Oreamnos,Oreamnos americanus,americanus
Artiodactyla,Camelidae,Lama,Lama glama,glama
Artiodactyla,Cervidae,Cervus,Cervus canadensis,canadensis
Artiodactyla,Cervidae,Odocoileus,Odocoileus hemionus,hemionus
Artiodactyla,Cervidae,Rusa,Rusa timorensis,timorensis
Artiodactyla,Cervidae,Rangifer,Rangifer tarandus,tarandus
Artiodactyla,Cervidae,Rangifer,Rangifer tarandus,tarandus
Artiodactyla,Cervidae,Rangifer,Rangifer tarandus,tarandus
Artiodactyla,Suidae,Sus,Sus scrofa,scrofa
Artiodactyla,Tayassuidae,Pecari,Pecari tajacu,tajacu
Artiodactyla,Tragulidae,Tragulus,Tragulus javanicus,javanicus
Artiodactyla,Tragulidae,Tragulus,Tragulus javanicus,javanicus
Carnivora,Ailuridae,Ailurus,Ailurus fulgens,fulgens
Carnivora,Canidae,Canis,Canis mesomelas,mesomelas
Carnivora,Canidae,Vulpes,Vulpes vulpes,vulpes
Carnivora,Canidae,Vulpes,Vulpes vulpes,vulpes
Carnivora,Canidae,Vulpes,Vulpes vulpes,vulpes
Carnivora,Canidae,Vulpes,Vulpes vulpes,vulpes
Carnivora,Canidae,Canis,Canis latrans,latrans
Carnivora,Canidae,Canis,Canis latrans,latrans
Carnivora,Canidae,Canis,Canis familiaris,familiaris
Carnivora,Canidae,Canis,Canis familiaris,familiaris
Carnivora,Canidae,Canis,Canis familiaris,familiaris
Carnivora,Canidae,Canis,Canis familiaris,familiaris
Carnivora,Canidae,Canis,Canis familiaris,familiaris
Carnivora,Canidae,Canis,Canis familiaris,familiaris
Carnivora,Canidae,Canis,Canis familiaris,familiaris
Carnivora,Canidae,Canis,Canis familiaris,familiaris
Carnivora,Canidae,Canis,Canis familiaris,familiaris
Carnivora,Canidae,Canis,Canis familiaris,familiaris
Carnivora,Canidae,Otocyon,Otocyon megalotis,megalotis
Carnivora,Canidae,Urocyon,Urocyon cinereoargenteus,cinereoargenteus
Carnivora,Canidae,Urocyon,Urocyon cinereoargenteus,cinereoargenteus
Carnivora,Canidae,Urocyon,Urocyon cinereoargenteus,cinereoargenteus
Carnivora,Canidae,Vulpes,Vulpes fulva,fulva
Carnivora,Canidae,Vulpes,Vulpes lagopus,lagopus
Carnivora,Canidae,Canis,Canis mesomelas,mesomelas
Carnivora,Canidae,Canis,Canis lupus,lupus
Carnivora,Canidae,Canis,Canis lubilus,lubilus
Carnivora,Canidae,Vulpes,Vulpes lagopus,lagopus
Carnivora,Canidae,Cerdocyon,Cerdocyon thous,thous
Carnivora,Canidae,Cerdocyon,Cerdocyon thous,thous
Carnivora,Canidae,Vulpes,Vulpes zerda,zerda
Carnivora,Eupleridae,Cryptoprocta,Cryptoprocta ferox,ferox
Carnivora,Felidae,Panthera,Panthera tigris,tigris
Carnivora,Felidae,Caracal,Caracal caracal,caracal
Carnivora,Felidae,Felis,Felis silvestris,silvestris
Carnivora,Felidae,Felis,Felis silvestris,silvestris
Carnivora,Felidae,Felis,Felis silvestris,silvestris
Carnivora,Felidae,Felis,Felis silvestris,silvestris
Carnivora,Felidae,Felis,Felis silvestris,silvestris
Carnivora,Felidae,Felis,Felis silvestris,silvestris
Carnivora,Felidae,Felis,Felis silvestris,silvestris
Carnivora,Felidae,Felis,Felis silvestris,silvestris
Carnivora,Felidae,Panthera,Panthera leo,leo
Carnivora,Felidae,Felis,Felis silestris,silestris
Carnivora,Felidae,Felis,Felis silestris,silestris
Carnivora,Felidae,Felis,Felis silestris,silestris
Carnivora,Felidae,Felis,Felis silestris,silestris
Carnivora,Felidae,Felis,Felis silvestris,silvestris
Carnivora,Felidae,Acinonyx,Acinonyx jubatus,jubatus
Carnivora,Felidae,Acinonyx,Acinonyx jubatus,jubatus
Carnivora,Felidae,Panthera,Panthera onca,onca
Carnivora,Felidae,Panthera,Panthera pardus,pardus
Carnivora,Felidae,Puma,Puma concolor,concolor
Carnivora,Felidae,Leptailurus,Leptailurus serval,serval
Carnivora,Felidae,Leptailurus,Leptailurus serval,serval
Carnivora,Felidae,Panthera,Panthera tigris,tigris
Carnivora,Felidae,Panthera,Panthera tigris,tigris
Carnivora,Herpestidae,Atilax,Atilax paludinosus,paludinosus
Carnivora,Herpestidae,Herpestes,Herpestes urva,urva
Carnivora,Herpestidae,Paracynictis,Paracynictis selousi,selousi
Carnivora,Herpestidae,Herpestes,Herpestes smithii,smithii
Carnivora,Herpestidae,Ichneumia,Ichneumia albicauda,albicauda
Carnivora,Herpestidae,Herpestes,Herpestes auropunctatus,auropunctatus
Carnivora,Herpestidae,Galerella,Galerella sanguinea,sanguinea
Carnivora,Hyaenidae,Crocuta,Crocuta crocuta,crocuta
Carnivora,Hyaenidae,Proteles,Proteles cristata,cristata
Carnivora,Mephitidae,Mephitis,Mephitis mephitis,mephitis
Carnivora,Mephitidae,Mydaus,Mydaus marchei,marchei
Carnivora,Mephitidae,Spilogale,Spilogale gracilis,gracilis
Carnivora,Mephitidae,Spilogale,Spilogale putorius,putorius
Carnivora,Mephitidae,Mephitis,Mephitis mephitis,mephitis
Carnivora,Mephitidae,Mephitis,Mephitis mephitis,mephitis
Carnivora,Mephitidae,Conepatus,Conepatus mesoleucus,mesoleucus
Carnivora,Mephitidae,Conepatus,Conepatus mesoleucus,mesoleucus
Carnivora,Mustelidae,Conepatus,Conepatus chinga,chinga
Carnivora,Mustelidae,Conepatus,Conepatus leuconotus,leuconotus
Carnivora,Mustelidae,Galictis,Galictis cuja,cuja
Carnivora,Mustelidae,Ictonyx,Ictonyx striatus,striatus
Carnivora,Mustelidae,Mellivora,Mellivora capensis,capensis
Carnivora,Mustelidae,Mustela,Mustela erminea,erminea
Carnivora,Mustelidae,Poecilogale,Poecilogale albinucha,albinucha
Carnivora,Mustelidae,Taxidea,Taxidea taxus,taxus
Carnivora,Mustelidae,Vormela,Vormela peregusna,peregusna
Carnivora,Mustelidae,Mustela,Mustela putorius,putorius
Carnivora,Mustelidae,Mustela,Mustela putorius,putorius
Carnivora,Mustelidae,Mustela,Mustela erminea,erminea
Carnivora,Mustelidae,Mustela,Mustela erminea,erminea
Carnivora,Mustelidae,Mustela,Mustela erminea,erminea
Carnivora,Mustelidae,Galictis,Galictis vittata,vittata
Carnivora,Mustelidae,Eira,Eira barbara,barbara
Carnivora,Mustelidae,Mustela,Mustela arctica,arctica
Carnivora,Mustelidae,Mustela,Mustela arctica,arctica
Carnivora,Mustelidae,Mustela,Mustela rixosa,rixosa
Carnivora,Mustelidae,Mustela,Mustela erminea,erminea
Carnivora,Mustelidae,Mustela,Mustela erminea,erminea
Carnivora,Mustelidae,Mustela,Mustela erminea,erminea
Carnivora,Mustelidae,Mustela,Mustela rixosa,rixosa
Carnivora,Mustelidae,Mustela,Mustela rixosa,rixosa
Carnivora,Mustelidae,Mustela,Mustela rixosa,rixosa
Carnivora,Mustelidae,Mustela,Mustela erminea,erminea
Carnivora,Mustelidae,Mustela,Mustela erminea,erminea
Carnivora,Mustelidae,Mustela,Mustela erminea,erminea
Carnivora,Mustelidae,Mustela,Mustela rixosa,rixosa
Carnivora,Mustelidae,Mustela,Mustela rixosa,rixosa
Carnivora,Mustelidae,Mustela,Mustela vison,vison
Carnivora,Mustelidae,Mustela,Mustela vison,vison
Carnivora,Mustelidae,Mustela,Mustela vison,vison
Carnivora,Mustelidae,Martes,Martes americana,americana
Carnivora,Odobenidae,Odobenus,Odobenus rosmarus,rosmarus
Carnivora,Otariidae,Arctocephalus,Arctocephalus australis,australis
Carnivora,Otariidae,Arctocephalus,Arctocephalus forsteri,forsteri
Carnivora,Otariidae,Arctocephalus,Arctocephalus galapagoensis,galapagoensis
Carnivora,Otariidae,Arctocephalus,Arctocephalus gazella,gazella
Carnivora,Otariidae,Arctocephalus,Arctocephalus philippii,philippii
Carnivora,Otariidae,Arctocephalus,Arctocephalus pusillus,pusillus
Carnivora,Otariidae,Arctocephalus,Arctocephalus tropicalis,tropicalis
Carnivora,Otariidae,Callorhinus,Callorhinus ursinus,ursinus
Carnivora,Otariidae,Eumetopias,Eumetopias jubatus,jubatus
Carnivora,Otariidae,Neophoca,Neophoca cinerea,cinerea
Carnivora,Otariidae,Otaria,Otaria byronia,byronia
Carnivora,Otariidae,Phocarctos,Phocarctos hookeri,hookeri
Carnivora,Otariidae,Zalophus,Zalophus californianus,californianus
Carnivora,Phocidae,Cystophora,Cystophora cristata,cristata
Carnivora,Phocidae,Halichoerus,Halichoerus grypus,grypus
Carnivora,Phocidae,Hydrurga,Hydrurga leptonyx,leptonyx
Carnivora,Phocidae,Leptonychotes,Leptonychotes weddellii,weddellii
Carnivora,Phocidae,Lobodon,Lobodon carcinophagus,carcinophagus
Carnivora,Phocidae,Mirounga,Mirounga leonina,leonina
Carnivora,Phocidae,Monachus,Monachus monachus,monachus
Carnivora,Phocidae,Monachus,Monachus schauinslandi,schauinslandi
Carnivora,Phocidae,Monachus,Monachus tropicalis,tropicalis
Carnivora,Phocidae,Ommatophoca,Ommatophoca rossii,rossii
Carnivora,Phocidae,Phoca,Phoca caspica,caspica
Carnivora,Phocidae,Phoca,Phoca fasciata,fasciata
Carnivora,Phocidae,Phoca,Phoca groenlandica,groenlandica
Carnivora,Phocidae,Phoca,Phoca hispida,hispida
Carnivora,Phocidae,Phoca,Phoca largha,largha
Carnivora,Phocidae,Phoca,Phoca sibirica,sibirica
Carnivora,Phocidae,Phoca,Phoca vitulina,vitulina
Carnivora,Procyonidae,Bassaricyon,Bassaricyon alleni,alleni
Carnivora,Procyonidae,Bassariscus,Bassariscus astutus,astutus
Carnivora,Procyonidae,Nasua,Nasua narica,narica
Carnivora,Procyonidae,Nasua,Nasua narica,narica
Carnivora,Procyonidae,Potos,Potos flavus,flavus
Carnivora,Procyonidae,Procyon,Procyon lotor,lotor
Carnivora,Procyonidae,Procyon,Procyon lotor,lotor
Carnivora,Procyonidae,Procyon,Procyon lotor,lotor
Carnivora,Procyonidae,Procyon,Procyon lotor,lotor
Carnivora,Ursidae,Ursus,Ursus arctos,arctos
Carnivora,Ursidae,Ursus,Ursus arctos,arctos
Carnivora,Ursidae,Ursus,Ursus maritimus,maritimus
Carnivora,Ursidae,Ursus,Ursus maritimus,maritimus
Carnivora,Viverridae,Paguma,Paguma larvata,larvata
Carnivora,Viverridae,Viverra,Viverra tangalunga,tangalunga
Carnivora,Viverridae,Arctictis,Arctictis binturong,binturong
Carnivora,Viverridae,Genetta,Genetta pardina,pardina
Carnivora,Viverridae,Spilogale,Spilogale arizonae,arizonae
Carnivora,Viverridae,Genetta,Genetta tigrina,tigrina
Carnivora,Viverridae,Genetta,Genetta tigrina,tigrina
Carnivora,Viverridae,Genetta,Genetta tigrina,tigrina
Cetartiodactyla,Bovidae,Damaliscus,Damaliscus pygargus,pygargus
Cetartiodactyla,Bovidae,Tragelaphus,Tragelaphus eurycerus,eurycerus
Chiroptera,Desmodontidae,Diaemus,Diaemus youngi,youngi
Chiroptera,Desmodontidae,Diaemus,Diaemus rotundus,rotundus
Chiroptera,Emballonuridae,Rhynchonycteris,Rhynchonycteris naso,naso
Chiroptera,Emballonuridae,Saccopteryx,Saccopteryx bilineata,bilineata
Chiroptera,Hipposideridae,Hipposideros,Hipposideros bicolor,bicolor
Chiroptera,Hipposideridae,Hipposideros,Hipposideros caffer,caffer
Chiroptera,Hipposideridae,Rhinonicteris,Rhinonicteris aurantia,aurantia
Chiroptera,Megadermatidae,Macroderma,Macroderma gigas,gigas
Chiroptera,Miniopteridae,Miniopterus,Miniopterus schreibersii,schreibersii
Chiroptera,Miniopteridae,Miniopterus,Miniopterus gigas,gigas
Chiroptera,Molossidae,Tadarida,Tadarida albiventer,albiventer
Chiroptera,Molossidae,Chaerophon,Chaerophon limbatus,limbatus
Chiroptera,Molossidae,Chaerophon,Chaerophon Ieucostigma,Ieucostigma
Chiroptera,Molossidae,Molossus,Molossus major,major
Chiroptera,Molossidae,Molossus,Molossus ate,ate
Chiroptera,Noctilionidae,Noctilio,Noctilio leporinus,leporinus
Chiroptera,Nycteridae,Nycteris,Nycteris arge,arge
Chiroptera,Phyllostomatidae,Artibeus,Artibeus jamaicensis,jamaicensis
Chiroptera,Phyllostomatidae,Artibeus,Artibeus lituratus,lituratus
Chiroptera,Phyllostomatidae,Carollia,Carollia perspicillata,perspicillata
Chiroptera,Phyllostomatidae,Glossophaga,Glossophaga soricina,soricina
Chiroptera,Phyllostomatidae,Leptonycteris,Leptonycteris curasoae,curasoae
Chiroptera,Phyllostomatidae,Mimon,Mimon crenulatum,crenulatum
Chiroptera,Phyllostomatidae,Mormoops,Mormoops megalophylla,megalophylla
Chiroptera,Phyllostomatidae,Phyllostomus,Phyllostomus discolor,discolor
Chiroptera,Phyllostomatidae,Pteronotus,Pteronotus davyi,davyi
Chiroptera,Phyllostomatidae,Sturnira,Sturnira lilium,lilium
Chiroptera,Phyllostomatidae,Uroderma,Uroderma bilobatum,bilobatum
Chiroptera,Phyllostomatidae,Vampyrops,Vampyrops helleri,helleri
Chiroptera,Phyllostomidae,Desmodus,Desmodus rotundus,rotundus
Chiroptera,Pteropidae,Casinycteris,Casinycteris argynnis,argynnis
Chiroptera,Pteropidae,Cynopterus,Cynopterus brachyotis,brachyotis
Chiroptera,Pteropidae,Cynopterus,Cynopterus horsfieldi,horsfieldi
Chiroptera,Pteropidae,Eonycteris,Eonycteris spelea,spelea
Chiroptera,Pteropidae,Hypsignathus,Hypsignathus monstrosus,monstrosus
Chiroptera,Pteropidae,Rousettus,Rousettus aegyptiacus,aegyptiacus
Chiroptera,Pteropidae,Pteropus,Pteropus vampyru,vampyru
Chiroptera,Pteropidae,Epomophorus,Epomophorus gambianus,gambianus
Chiroptera,Pteropidae,Pteropus,Pteropus edwarsi,edwarsi
Chiroptera,Pteropodidae,Pteropus,Pteropus giganteus,giganteus
Chiroptera,Pteropodidae,Pteropus,Pteropus giganteus,giganteus
Chiroptera,Pteropodidae,Pteropus,Pteropus giganteus,giganteus
Chiroptera,Pteropodidae,Pteropus,Pteropus giganteus,giganteus
Chiroptera,Pteropodidae,Pteropus,Pteropus giganteus,giganteus
Chiroptera,Pteropodidae,Pteropus,Pteropus giganteus,giganteus
Chiroptera,Pteropodidae,Pteropus,Pteropus giganteus,giganteus
Chiroptera,Rhinolophidae,Rhinolophus,Rhinolophus hipposideros,hipposideros
Chiroptera,Vespertilionidae,Myotis,Myotis bechsteini,bechsteini
Chiroptera,Vespertilionidae,Myotis,Myotis bocagei,bocagei
Chiroptera,Vespertilionidae,Myotis,Myotis dasycneme,dasycneme
Chiroptera,Vespertilionidae,Myotis,Myotis daubentoni,daubentoni
Chiroptera,Vespertilionidae,Myotis,Myotis myotis,myotis
Chiroptera,Vespertilionidae,Myotis,Myotis mystacinus,mystacinus
Chiroptera,Vespertilionidae,Myotis,Myotis nattereri,nattereri
Chiroptera,Vespertilionidae,Myotis,Myotis nigricans,nigricans
Chiroptera,Vespertilionidae,Nyctalus,Nyctalus noctula,noctula
Chiroptera,Vespertilionidae,Vespertilio,Vespertilio serotinus,serotinus
Chiroptera,Vespertilionidae,Vespertilio,Vespertilio murinus,murinus
Chiroptera,Vespertilionidae,Scotophilus,Scotophilus gigas,gigas
Chiroptera,Vespertilionidae,Miniopterus,Miniopterus schreibers,schreibers
Chiroptera,Vespertilionidae,Nyctophilus,Nyctophilus major,major
Chrioptera,Emballonuridae,Peropteryx,Peropteryx macrotis,macrotis
Chrioptera,Natalidae,Natalus,Natalus tumidirostris,tumidirostris
Cingulata,Chlamyphoridae,Euphractus,Euphractus sexcinctus,sexcinctus
Cingulata,Chlamyphoridae,Tolypeutes,Tolypeutes matacus,matacus
Cingulata,Chlamyphoridae,Zaedyus,Zaedyus pichiy,pichiy
Cingulata,Chlamyphoridae,Euphractus,Euphractus sexcinctus,sexcinctus
Cingulata,Dasypodidae,Dasypus,Dasypus novemcinctus,novemcinctus
Cingulata,Dasypodidae,Dasypus,Dasypus novemcinctus,novemcinctus
Dasyuromorphia,Dasyuridae,Dasyurus,Dasyurus spartacus,spartacus
Dasyuromorphia,Dasyuridae,Planigale,Planigale tenuirostris,tenuirostris
Dasyuromorphia,Dasyuridae,Planigale,Planigale ingrami,ingrami
Dasyuromorphia,Dasyuridae,Planigale,Planigale gilesi,gilesi
Dasyuromorphia,Dasyuridae,Planigale,Planigale maculata,maculata
Dasyuromorphia,Dasyuridae,Ningaui,Ningaui ridei,ridei
Dasyuromorphia,Dasyuridae,Ningaui,Ningaui yvonneae,yvonneae
Dasyuromorphia,Dasyuridae,Planigale,Planigale novaeguineae,novaeguineae
Dasyuromorphia,Dasyuridae,Sminthopsis,Sminthopsis virginiae,virginiae
Dasyuromorphia,Dasyuridae,Sminthopsis,Sminthopsis bindi,bindi
Dasyuromorphia,Dasyuridae,Sminthopsis,Sminthopsis douglasi,douglasi
Dasyuromorphia,Dasyuridae,Sminthopsis,Sminthopsis crassicaudata,crassicaudata
Dasyuromorphia,Dasyuridae,Sminthopsis,Sminthopsis macroura,macroura
Dasyuromorphia,Dasyuridae,Sminthopsis,Sminthopsis hirtipes,hirtipes
Dasyuromorphia,Dasyuridae,Sminthopsis,Sminthopsis leucopus,leucopus
Dasyuromorphia,Dasyuridae,Parantechinus,Parantechinus roryi,roryi
Dasyuromorphia,Dasyuridae,Sminthopsis,Sminthopsis murina,murina
Dasyuromorphia,Dasyuridae,Antechinomys,Antechinomys laniger,laniger
Dasyuromorphia,Dasyuridae,Sminthopsis,Sminthopsis griseoventer,griseoventer
Dasyuromorphia,Dasyuridae,Parantechinus,Parantechinus macdonnellensis,macdonnellensis
Dasyuromorphia,Dasyuridae,Parantechinus,Parantechinus rosamondae,rosamondae
Dasyuromorphia,Dasyuridae,Antechinus,Antechinus agilis,agilis
Dasyuromorphia,Dasyuridae,Antechinus,Antechinus bellus,bellus
Dasyuromorphia,Dasyuridae,Antechinus,Antechinus flavipes,flavipes
Dasyuromorphia,Dasyuridae,Parantechinus,Parantechinus bilarni,bilarni
Dasyuromorphia,Dasyuridae,Antechinus,Antechinus melanurus,melanurus
Dasyuromorphia,Dasyuridae,Antechinus,Antechinus subtropicus,subtropicus
Dasyuromorphia,Dasyuridae,Antechinus,Antechinus minimus,minimus
Dasyuromorphia,Dasyuridae,Antechinus,Antechinus leo,leo
Dasyuromorphia,Dasyuridae,Antechinus,Antechinus stuartii,stuartii
Dasyuromorphia,Dasyuridae,Antechinus,Antechinus naso,naso
Dasyuromorphia,Dasyuridae,Phascogale,Phascogale calura,calura
Dasyuromorphia,Dasyuridae,Antechinus,Antechinus swainsonii,swainsonii
Dasyuromorphia,Dasyuridae,Murexia,Murexia rothschildi,rothschildi
Dasyuromorphia,Dasyuridae,Phascolosorex,Phascolosorex dorsalis,dorsalis
Dasyuromorphia,Dasyuridae,Parantechinus,Parantechinus apicalis,apicalis
Dasyuromorphia,Dasyuridae,Dasycercus,Dasycercus cristicauda,cristicauda
Dasyuromorphia,Dasyuridae,Dasyuroides,Dasyuroides byrnei,byrnei
Dasyuromorphia,Dasyuridae,Murexia,Murexia longicaudata,longicaudata
Dasyuromorphia,Dasyuridae,Phascogale,Phascogale tapoatafa,tapoatafa
Dasyuromorphia,Dasyuridae,Myoictis,Myoictis melas,melas
Dasyuromorphia,Dasyuridae,Neophascogale,Neophascogale lorentzi,lorentzi
Dasyuromorphia,Dasyuridae,Dasyurus,Dasyurus hallucatus,hallucatus
Dasyuromorphia,Dasyuridae,Dasyurus,Dasyurus albopunctatus,albopunctatus
Dasyuromorphia,Dasyuridae,Dasyurus,Dasyurus geoffroii,geoffroii
Dasyuromorphia,Dasyuridae,Dasyurus,Dasyurus viverrinus,viverrinus
Dasyuromorphia,Dasyuridae,Dasyurus,Dasyurus maculatus,maculatus
Dasyuromorphia,Dasyuridae,Sarcophilus,Sarcophilus harrisii,harrisii
Dasyuromorphia,Dasyuridae,Antechinus,Antechinus wilhelmina,wilhelmina
Dasyuromorphia,Dasyuridae,Dasyurus,Dasyurus viverrinus,viverrinus
Dasyuromorphia,Herpestidae,Mungos,Mungos mungo,mungo
Dasyuromorphia,Myrmecobiidae,Myrmecobius,Myrmecobius fasciatus,fasciatus
Dasyuromorphia,Myrmecobiidae,Myrmecobius,Myrmecobius fasciatus,fasciatus
Dasyuromorphia,Thylacinidae,Thylacinus,Thylacinus cynocephalus,cynocephalus
Dasyuromorphia,Viverridae,Paradoxurus,Paradoxurus hermaphroditus,hermaphroditus
Dasyuromorphia,Viverridae,Paradoxurus,Paradoxurus hermaphroditus,hermaphroditus
Didelphimorphia,Didelphidae,Thylamys,Thylamys pallidior,pallidior
Didelphimorphia,Didelphidae,Marmosa,Marmosa elegans,elegans
Didelphimorphia,Didelphidae,Thylamys,Thylamys elegans,elegans
Didelphimorphia,Didelphidae,Monodelphis,Monodelphis brevicaudata,brevicaudata
Didelphimorphia,Didelphidae,Marmosa,Marmosa mexicana,mexicana
Didelphimorphia,Didelphidae,Marmosa,Marmosa murina,murina
Didelphimorphia,Didelphidae,Marmosa,Marmosa rubra,rubra
Didelphimorphia,Didelphidae,Caluromys,Caluromys derbianus,derbianus
Didelphimorphia,Didelphidae,Caluromys,Caluromys philander,philander
Didelphimorphia,Didelphidae,Metachirus,Metachirus nudicaudatus,nudicaudatus
Didelphimorphia,Didelphidae,Philander,Philander opossum,opossum
Didelphimorphia,Didelphidae,Didelphis,Didelphis marsupialis,marsupialis
Didelphimorphia,Didelphidae,Didelphis,Didelphis virginiana,virginiana
Didelphimorphia,Didelphidae,Marmosa,Marmosa mitis,mitis
Didelphimorphia,Didelphidae,Didelphis,Didelphis marsupialis,marsupialis
Didelphimorphia,Didelphidae,Didelphis,Didelphis marsupialis,marsupialis
Diprotodontia,Acrobatidae,Acrobates,Acrobates pygmaeus,pygmaeus
Diprotodontia,Acrobatidae,Distoechurus,Distoechurus pennatus,pennatus
Diprotodontia,Burramyidae,Cercartetus,Cercartetus concinnus,concinnus
Diprotodontia,Burramyidae,Cercartetus,Cercartetus lepidus,lepidus
Diprotodontia,Burramyidae,Cercartetus,Cercartetus nanus,nanus
Diprotodontia,Burramyidae,Cercartetus,Cercartetus caudatus,caudatus
Diprotodontia,Burramyidae,Burramys,Burramys parvus,parvus
Diprotodontia,Macropodidae,Macropus,Macropus parma,parma
Diprotodontia,Macropodidae,Wallabia,Wallabia bicolor,bicolor
Diprotodontia,Macropodidae,Lagostrophus,Lagostrophus fasciatus,fasciatus
Diprotodontia,Macropodidae,Lagorchestes,Lagorchestes hirsutus,hirsutus
Diprotodontia,Macropodidae,Onychogalea,Onychogalea lunata,lunata
Diprotodontia,Macropodidae,Petrogale,Petrogale concinna,concinna
Diprotodontia,Macropodidae,Dorcopsulus,Dorcopsulus vanheurni,vanheurni
Diprotodontia,Macropodidae,Lagorchestes,Lagorchestes leporides,leporides
Diprotodontia,Macropodidae,Dorcopsulus,Dorcopsulus macleayi,macleayi
Diprotodontia,Macropodidae,Setonix,Setonix brachyurus,brachyurus
Diprotodontia,Macropodidae,Lagorchestes,Lagorchestes conspicillatus,conspicillatus
Diprotodontia,Macropodidae,Onychogalea,Onychogalea fraenata,fraenata
Diprotodontia,Macropodidae,Petrogale,Petrogale brachyotis,brachyotis
Diprotodontia,Macropodidae,Dorcopsis,Dorcopsis atrata,atrata
Diprotodontia,Macropodidae,Onychogalea,Onychogalea unguifera,unguifera
Diprotodontia,Macropodidae,Petrogale,Petrogale mareeba,mareeba
Diprotodontia,Macropodidae,Petrogale,Petrogale inornata,inornata
Diprotodontia,Macropodidae,Thylogale,Thylogale brunii,brunii
Diprotodontia,Macropodidae,Petrogale,Petrogale assimilis,assimilis
Diprotodontia,Macropodidae,Thylogale,Thylogale stigmatica,stigmatica
Diprotodontia,Macropodidae,Petrogale,Petrogale godmani,godmani
Diprotodontia,Macropodidae,Thylogale,Thylogale browni,browni
Diprotodontia,Macropodidae,Dendrolagus,Dendrolagus bennettianus,bennettianus
Diprotodontia,Macropodidae,Macropus,Macropus parma,parma
Diprotodontia,Macropodidae,Petrogale,Petrogale lateralis,lateralis
Diprotodontia,Macropodidae,Thylogale,Thylogale thetis,thetis
Diprotodontia,Macropodidae,Dorcopsis,Dorcopsis muelleri,muelleri
Diprotodontia,Macropodidae,Dorcopsis,Dorcopsis luctuosa,luctuosa
Diprotodontia,Macropodidae,Petrogale,Petrogale herberti,herberti
Diprotodontia,Macropodidae,Petrogale,Petrogale persephone,persephone
Diprotodontia,Macropodidae,Thylogale,Thylogale billardieri,billardieri
Diprotodontia,Macropodidae,Dorcopsis,Dorcopsis hageni,hageni
Diprotodontia,Macropodidae,Petrogale,Petrogale xanthopus,xanthopus
Diprotodontia,Macropodidae,Macropus,Macropus eugenii,eugenii
Diprotodontia,Macropodidae,Petrogale,Petrogale penicillata,penicillata
Diprotodontia,Macropodidae,Macropus,Macropus irma,irma
Diprotodontia,Macropodidae,Macropus,Macropus greyi,greyi
Diprotodontia,Macropodidae,Dendrolagus,Dendrolagus lumholtzi,lumholtzi
Diprotodontia,Macropodidae,Dendrolagus,Dendrolagus ursinus,ursinus
Diprotodontia,Macropodidae,Dendrolagus,Dendrolagus matschiei,matschiei
Diprotodontia,Macropodidae,Dendrolagus,Dendrolagus goodfellowi,goodfellowi
Diprotodontia,Macropodidae,Dendrolagus,Dendrolagus spadix,spadix
Diprotodontia,Macropodidae,Dendrolagus,Dendrolagus scottae,scottae
Diprotodontia,Macropodidae,Macropus,Macropus dorsalis,dorsalis
Diprotodontia,Macropodidae,Dendrolagus,Dendrolagus inustus,inustus
Diprotodontia,Macropodidae,Dendrolagus,Dendrolagus dorianus,dorianus
Diprotodontia,Macropodidae,Wallabia,Wallabia bicolor,bicolor
Diprotodontia,Macropodidae,Macropus,Macropus agilis,agilis
Diprotodontia,Macropodidae,Macropus,Macropus rufogriseus,rufogriseus
Diprotodontia,Macropodidae,Macropus,Macropus parryi,parryi
Diprotodontia,Macropodidae,Macropus,Macropus antilopinus,antilopinus
Diprotodontia,Macropodidae,Macropus,Macropus fuliginosus,fuliginosus
Diprotodontia,Macropodidae,Macropus,Macropus robustus,robustus
Diprotodontia,Macropodidae,Macropus,Macropus rufus,rufus
Diprotodontia,Macropodidae,Macropus,Macropus giganteus,giganteus
Diprotodontia,Macropodidae,Petrogale,Petrogale venusta,venusta
Diprotodontia,Macropodidae,Macropus,Macropus robustus,robustus
Diprotodontia,Macropodidae,Onychogalea,Onychogalea fraenata,fraenata
Diprotodontia,Petauridae,Petaurus,Petaurus biacensis,biacensis
Diprotodontia,Petauridae,Petaurus,Petaurus abidi,abidi
Diprotodontia,Petauridae,Petaurus,Petaurus breviceps,breviceps
Diprotodontia,Petauridae,Gymnobelideus,Gymnobelideus leadbeateri,leadbeateri
Diprotodontia,Petauridae,Petaurus,Petaurus norfolcensis,norfolcensis
Diprotodontia,Petauridae,Dactylonax,Dactylonax tatei,tatei
Diprotodontia,Petauridae,Petaurus,Petaurus australis,australis
Diprotodontia,Petauridae,Dactylonax,Dactylonax trivirgata,trivirgata
Diprotodontia,Petauridae,Dactylonax,Dactylonax palpator,palpator
Diprotodontia,Phalangeridae,Phalanger,Phalanger rothschildi,rothschildi
Diprotodontia,Phalangeridae,Strigocuscus,Strigocuscus pelengensis,pelengensis
Diprotodontia,Phalangeridae,Phalanger,Phalanger intercastellanus,intercastellanus
Diprotodontia,Phalangeridae,Spilocuscus,Spilocuscus kraemeri,kraemeri
Diprotodontia,Phalangeridae,Phalanger,Phalanger lullulae,lullulae
Diprotodontia,Phalangeridae,Phalanger,Phalanger ornatus,ornatus
Diprotodontia,Phalangeridae,Phalanger,Phalanger orientalis,orientalis
Diprotodontia,Phalangeridae,Phalanger,Phalanger mimicus,mimicus
Diprotodontia,Phalangeridae,Phalanger,Phalanger carmelitae,carmelitae
Diprotodontia,Phalangeridae,Phalanger,Phalanger vestitus,vestitus
Diprotodontia,Phalangeridae,Phalanger,Phalanger sericeus,sericeus
Diprotodontia,Phalangeridae,Wyulda,Wyulda squamicaudata,squamicaudata
Diprotodontia,Phalangeridae,Trichosurus,Trichosurus vulpecula,vulpecula
Diprotodontia,Phalangeridae,Trichosurus,Trichosurus caninus,caninus
Diprotodontia,Phalangeridae,Phalanger,Phalanger gymnotis,gymnotis
Diprotodontia,Phalangeridae,Spilocuscus,Spilocuscus maculatus,maculatus
Diprotodontia,Phalangeridae,Spilocuscus,Spilocuscus rufoniger,rufoniger
Diprotodontia,Phalangeridae,Trichosurus,Trichosurus fuliginosus,fuliginosus
Diprotodontia,Phalangeridae,Trichosurus,Trichosurus vulpecula,vulpecula
Diprotodontia,Phascolarctidae,Phascolarctos,Phascolarctos cinereus,cinereus
Diprotodontia,Potoroidae,Potorous,Potorous platyops,platyops
Diprotodontia,Potoroidae,Bettongia,Bettongia tropica,tropica
Diprotodontia,Potoroidae,Potorous,Potorous tridactylus,tridactylus
Diprotodontia,Potoroidae,Bettongia,Bettongia penicillata,penicillata
Diprotodontia,Potoroidae,Bettongia,Bettongia lesueur,lesueur
Diprotodontia,Potoroidae,Bettongia,Bettongia gaimardi,gaimardi
Diprotodontia,Potoroidae,Aepyprymnus,Aepyprymnus rufescens,rufescens
Diprotodontia,Potoroidae,Aepyprymnus,Aepyprymnus rufescens,rufescens
Diprotodontia,Pseudocheiridae,Pseudochirulus,Pseudochirulus canescens,canescens
Diprotodontia,Pseudocheiridae,Pseudochirulus,Pseudochirulus mayeri,mayeri
Diprotodontia,Pseudocheiridae,Pseudochirulus,Pseudochirulus schlegeli,schlegeli
Diprotodontia,Pseudocheiridae,Hemibelideus,Hemibelideus lemuroides,lemuroides
Diprotodontia,Pseudocheiridae,Pseudochirulus,Pseudochirulus caroli,caroli
Diprotodontia,Pseudocheiridae,Pseudochirulus,Pseudochirulus forbesi,forbesi
Diprotodontia,Pseudocheiridae,Pseudochirulus,Pseudochirulus herbertensis,herbertensis
Diprotodontia,Pseudocheiridae,Pseudocheirus,Pseudocheirus peregrinus,peregrinus
Diprotodontia,Pseudocheiridae,Pseudochirops,Pseudochirops albertisii,albertisii
Diprotodontia,Pseudocheiridae,Petauroides,Petauroides volans,volans
Diprotodontia,Pseudocheiridae,Petropseudes,Petropseudes dahli,dahli
Diprotodontia,Pseudocheiridae,Pseudochirops,Pseudochirops coronatus,coronatus
Diprotodontia,Pseudocheiridae,Pseudochirops,Pseudochirops corinnae,corinnae
Diprotodontia,Pseudocheiridae,Pseudochirops,Pseudochirops archeri,archeri
Diprotodontia,Pseudocheiridae,Pseudochirops,Pseudochirops cupreus,cupreus
Diprotodontia,Pseudocheiridae,Petauroides,Petauroides volans,volans
Diprotodontia,Pseudocheiridae,Pseudocheirus,Pseudocheirus occidentalis,occidentalis
Diprotodontia,Tarsipedidae,Tarsipes,Tarsipes rostratus,rostratus
Diprotodontia,Vombatidae,Lasiorhinus,Lasiorhinus latifrons,latifrons
Diprotodontia,Vombatidae,Vombatus,Vombatus ursinus,ursinus
Eulipotyphla,Erinaceidae,Atelerix,Atelerix albiventris,albiventris
Eulipotyphla,Erinaceidae,Echinosorex,Echinosorex gymnura,gymnura
Eulipotyphla,Erinaceidae,Mesechinus,Mesechinus dauuricus,dauuricus
Eulipotyphla,Erinaceidae,Erinaceus,Erinaceus europaeus,europaeus
Eulipotyphla,Erinaceidae,Erinaceus,Erinaceus europaeus,europaeus
Eulipotyphla,Erinaceidae,Erinaceus,Erinaceus europaeus,europaeus
Eulipotyphla,Erinaceidae,Erinaceus,Erinaceus europaeus,europaeus
Eulipotyphla,Erinaceidae,Erinaceus,Erinaceus europaeus,europaeus
Eulipotyphla,Erinaceidae,Erinaceus,Erinaceus europaeus,europaeus
Eulipotyphla,Erinaceidae,Erinaceus,Erinaceus europaeus,europaeus
Eulipotyphla,Erinaceidae,Erinaceus,Erinaceus europaeus,europaeus
Eulipotyphla,Erinaceidae,Erinaceus,Erinaceus europaeus,europaeus
Eulipotyphla,Erinaceidae,Erinaceus,Erinaceus europaeus,europaeus
Eulipotyphla,Erinaceidae,Erinaceus,Erinaceus concolor,concolor
Eulipotyphla,Erinaceidae,Echinosorex,Echinosorex gymnura,gymnura
Eulipotyphla,Erinnaceidae,Hylomys,Hylomys sulillus,sulillus
Eulipotyphla,Solenodontidae,Solenodon,Solenodon paradoxus,paradoxus
Eulipotyphla,Soricidae,Sorex,Sorex minutus,minutus
Eulipotyphla,Soricidae,Sorex,Sorex araneus,araneus
Eulipotyphla,Soricidae,Blarina,Blarina brevicauda,brevicauda
Eulipotyphla,Soricidae,Neomys,Neomys fodiens,fodiens
Eulipotyphla,Soricidae,Sylvisorex,Sylvisorex megalura,megalura
Eulipotyphla,Soricidae,Sylvisorex,Sylvisorex lunaris,lunaris
Eulipotyphla,Soricidae,Suncus,Suncus murinus,murinus
Eulipotyphla,Soricidae,Crocidura,Crocidura hildegardeae,hildegardeae
Eulipotyphla,Soricidae,Crocidura,Crocidura russula,russula
Eulipotyphla,Soricidae,Crocidura,Crocidura niobe,niobe
Eulipotyphla,Soricidae,Crocidura,Crocidura jacksoni,jacksoni
Eulipotyphla,Soricidae,Crocidura,Crocidura occidenlalis,occidenlalis
Eulipotyphla,Soricidae,Crocidura,Crocidura giffardi,giffardi
Eulipotyphla,Soricidae,Crocidura,Crocidura pyrenaicus,pyrenaicus
Eulipotyphla,Soricidae,Blarina,Blarina brevicauda,brevicauda
Eulipotyphla,Soricidae,Blarina,Blarina brevicauda,brevicauda
Eulipotyphla,Talpidae,Talpa,Talpa europaea,europaea
Eulipotyphla,Talpidae,Scalopus,Scalopus aquaticus,aquaticus
Eulipotyphla,Talpidae,Talpa,Talpa europaea,europaea
Eulipotyphla,Talpidae,Scalopus,Scalopus aquaticus,aquaticus
Eulipotyphla,Talpidae,Condylura,Condylura cristata,cristata
Eulipotyphla,Talpidae,Neurotrichus,Neurotrichus gibbsii,gibbsii
Eulipotyphla,Talpidae,Scalopus,Scalopus aquaticus,aquaticus
Hyracoidea,Procaviidae,Procavia,Procavia capensis,capensis
Hyracoidea,Procaviidae,Procavia,Procavia capensis,capensis
Lagomorpha,Leporidae,Lepus,Lepus europaeus,europaeus
Lagomorpha,Leporidae,Oryctolagus,Oryctolagus cuniculus,cuniculus
Lagomorpha,Leporidae,Oryctolagus,Oryctolagus cuniculus,cuniculus
Lagomorpha,Leporidae,Oryctolagus,Oryctolagus cuniculus,cuniculus
Lagomorpha,Leporidae,Lepus,Lepus capensis,capensis
Lagomorpha,Leporidae,Lepus,Lepus arcticus,arcticus
Lagomorpha,Leporidae,Lepus,Lepus arcticus,arcticus
Lagomorpha,Leporidae,Sylvilagus,Sylvilagus audubonii,audubonii
Lagomorpha,Leporidae,Lepus,Lepus sp.,sp.
Lagomorpha,Leporidae,Lepus,Lepus sp.,sp.
Lagomorpha,Leporidae,Lepus,Lepus californicus,californicus
Lagomorpha,Leporidae,Sylvilagus,Sylvilagus gabbi,gabbi
Lagomorpha,Leporidae,Lepus,Lepus arcticus,arcticus
Macroscelidae,Macroscelididae,Elephantulus,Elephantulus rufescens,rufescens
Macroscelidea,Macroscelididae,Rhynchocyon,Rhynchocyon petersi,petersi
Macroscelidea,Macroscelididae,Elephantulus,Elephantulus fuscipes,fuscipes
Macroscelidea,Macroscelididae,Rhynchocyon,Rhynchocyon stuhlmanni,stuhlmanni
Macroscelidea,Macroscelididae,Elephantulus,Elephantulus rozeti,rozeti
Macroscelidea,Macroscelididae,Elephantulus,Elephantulus myurus,myurus
Macroscelidea,Macroscelididae,Macroscelides,Macroscelides proboscideus,proboscideus
Macroscelidea,Macroscelididae,Petrodromus,Petrodromus tetradactylus,tetradactylus
Macroscelidea,Macroscelididae,Elephantulus,Elephantulus intufi,intufi
Macroscelidea,Macroscelididae,Elephantulus,Elephantulus brachyrhynchus,brachyrhynchus
Macroscelidea,Macroscelididae,Petrodromus,Petrodromus tetradactylus,tetradactylus
Microbiotheria,Microbiotheriidae,Dromiciops,Dromiciops gliroides,gliroides
Monotremata,Ornithorhynchisae,Ornithorhynchus,Ornithorhynchus anatinus,anatinus
Monotremata,Tachyglossidae,Zaglossus,Zaglossus bruijni,bruijni
Monotremata,Tachyglossidae,Tachyglossus,Tachyglossus aculeatus,aculeatus
Monotremata,Tachyglossidae,Tachyglossus,Tachyglossus aculeatus,aculeatus
Monotremata,Tachyglossidae,Tachyglossus,Tachyglossus setosus,setosus
Monotremata,Tachyglossidae,Zaglossus,Zaglossus bruijni,bruijni
Notoryctemorphia,Notoryctidae,Notoryctes,Notoryctes caurinus,caurinus
Notoryctemorphia,Notoryctidae,Notoryctes,Notoryctes caurinus,caurinus
Paucituberculata,Caenolestidae,Rhyncholestes,Rhyncholestes raphanurus,raphanurus
Paucituberculata,Caenolestidae,Caenolestes,Caenolestes fuliginosus,fuliginosus
Peramelemorphia,Chaeropodidae,Chaeropus,Chaeropus ecaudatus,ecaudatus
Peramelemorphia,Peramelidae,Rhynchomeles,Rhynchomeles prattorum,prattorum
Peramelemorphia,Peramelidae,Perameles,Perameles bougainville,bougainville
Peramelemorphia,Peramelidae,Echymipera,Echymipera kalubu,kalubu
Peramelemorphia,Peramelidae,Echymipera,Echymipera rufescens,rufescens
Peramelemorphia,Peramelidae,Microperoryctes,Microperoryctes longicauda,longicauda
Peramelemorphia,Peramelidae,Isoodon,Isoodon macrourus,macrourus
Peramelemorphia,Peramelidae,Echymipera,Echymipera clara,clara
Peramelemorphia,Peramelidae,Perameles,Perameles gunnii,gunnii
Peramelemorphia,Peramelidae,Perameles,Perameles nasuta,nasuta
Peramelemorphia,Peramelidae,Peroryctes,Peroryctes raffrayana,raffrayana
Peramelemorphia,Peramelidae,Isoodon,Isoodon obesulus,obesulus
Peramelemorphia,Thylacomyidae,Macrotis,Macrotis leucura,leucura
Peramelemorphia,Thylacomyidae,Macrotis,Macrotis lagotis,lagotis
Perissodactyla,Equidae,Equus,Equus Asinus,Asinus
Pholidota,Manidae,Manis,Manis pentadactyla,pentadactyla
Pholidota,Manidae,Manis,Manis tricuspis,tricuspis
Phollidota,Manidae,Manis,Manis javanica,javanica
Pilosa,Bradypodidae,Bradypus,Bradypus tridactylus,tridactylus
Pilosa,Bradypodidae,Bradypus,Bradypus griseus,griseus
Pilosa,Bradypodidae,Bradypus,Bradypus griseus,griseus
Pilosa,Bradypodidae,Bradypus,Bradypus griseus,griseus
Pilosa,Bradypodidae,Bradypus,Bradypus griseus,griseus
Pilosa,Bradypodidae,Bradypus,Bradypus griseus,griseus
Pilosa,Bradypodidae,Bradypus,Bradypus griseus,griseus
Pilosa,Bradypodidae,Bradypus,Bradypus griseus,griseus
Pilosa,Cyclopedidae,Cyclopes,Cyclopes didactylus,didactylus
Pilosa,Megalonychidae,Choloepus,Choloepus hoffmanni,hoffmanni
Pilosa,Megalonychidae,Choloepus,Choloepus hoffmanni,hoffmanni
Pilosa,Myrmecophagidae,Tamanduas,Tamanduas tetradactyla,tetradactyla
Pilosa,Myrmecophagidae,Tamandua,Tamandua tetradactyla,tetradactyla
Pilosa,Myrmecophagidae,Tamandua,Tamandua mexicana,mexicana
Pilosa,Myrmecophagidae,Myrmecophaga,Myrmecophaga tridactyla,tridactyla
Primates,Aotidae,Aotus,Aotus trivirgatus,trivirgatus
Primates,Aotidae,Aotus,Aotus trivirgatus,trivirgatus
Primates,Aotidae,Aotus,Aotus trivirgatus,trivirgatus
Primates,Atelidae,Alouatta,Alouatta palliata,palliata
Primates,Atelidae,Alouatta,Alouatta palliata,palliata
Primates,Atelidae,Alouatta,Alouatta palliata,palliata
Primates,Atelidae,Alouatta,Alouatta palliata,palliata
Primates,Atelidae,Alouatta,Alouatta palliata,palliata
Primates,Atelidae,Alouatta,Alouatta palliata,palliata
Primates,Atelidae,Alouatta,Alouatta palliata,palliata
Primates,Atelidae,Ateles,Ateles geoffroyi,geoffroyi
Primates,Atelidae,Ateles,Ateles geoffroyi,geoffroyi
Primates,Atelidae,Ateles,Ateles geoffroyi,geoffroyi
Primates,Atelidae,Ateles,Ateles geoffroyi,geoffroyi
Primates,Atelidae,Ateles,Ateles geoffroyi,geoffroyi
Primates,Atelidae,Ateles,Ateles geoffroyi,geoffroyi
Primates,Atelidae,Ateles,Ateles geoffroyi,geoffroyi
Primates,Atelidae,Ateles,Ateles paniscus,paniscus
Primates,Atelidae,Ateles,Ateles paniscus,paniscus
Primates,Atelidae,Alouatta,Alouatta caraya,caraya
Primates,Atelidae,Ateles,Ateles paniscus,paniscus
Primates,Atelidae,Ateles,Ateles paniscus,paniscus
Primates,Atelidae,Ateles,Ateles paniscus,paniscus
Primates,Atelidae,Alouatta,Alouatta caraya,caraya
Primates,Atelidae,Lagothrix,Lagothrix lagothricha,lagothricha
Primates,Atelidae,Alouatta,Alouatta palliata,palliata
Primates,Atelidae,Alouatta,Alouatta palliata,palliata
Primates,Atelidae,Alouatta,Alouatta palliata,palliata
Primates,Atelidae,Alouatta,Alouatta palliata,palliata
Primates,Atelidae,Alouatta,Alouatta palliata,palliata
Primates,Atelidae,Lagothrix,Lagothrix lagothricha,lagothricha
Primates,Atelidae,Ateles,Ateles dariensis,dariensis
Primates,Callitrichidae,Saguinus,Saguinus oedipus,oedipus
Primates,Callitrichidae,Saguinus,Saguinus oedipus,oedipus
Primates,Callitrichidae,Cebuella,Cebuella pygmaea,pygmaea
Primates,Callitrichidae,Cebuella,Cebuella pygmaea,pygmaea
Primates,Cebidae,Saimiri,Saimiri sciureus,sciureus
Primates,Cebidae,Saimiri,Saimiri sciureus,sciureus
Primates,Cebidae,Cebus,Cebus albifrons,albifrons
Primates,Cebidae,Cebus,Cebus albifrons,albifrons
Primates,Cebidae,Cebus,Cebus apella,apella
Primates,Cebidae,Cebus,Cebus apella,apella
Primates,Cebidae,Saguinus,Saguinus oedipus,oedipus
Primates,Cebidae,Saguinus,Saguinus geoffroyi,geoffroyi
Primates,Cebidae,Saimiri,Saimiri boliviensis,boliviensis
Primates,Cebidae,Leontopithecus,Leontopithecus rosalia,rosalia
Primates,Cebidae,Callithrix,Callithrix pygmaea,pygmaea
Primates,Cebidae,Cebus,Cebus capucinus,capucinus
Primates,Cebidae,Cebus,Cebus capucinus,capucinus
Primates,Cebidae,Cebus,Cebus olivaceus,olivaceus
Primates,Cebidae,Sapajus,Sapajus libidinosus,libidinosus
Primates,Cebidae,Sapajus,Sapajus libidinosus,libidinosus
Primates,Cebidae,Cebus,Cebus apella,apella
Primates,Cebidae,Saimiri,Saimiri sciureus,sciureus
Primates,Cebidae,Saimiri,Saimiri sciureus,sciureus
Primates,Cebidae,Callithrix,Callithrix jacchus,jacchus
Primates,Cebidae,Callithrix,Callithrix jacchus,jacchus
Primates,Cebidae,Callithrix,Callithrix jacchus,jacchus
Primates,Cebidae,Callithrix,Callithrix jacchus,jacchus
Primates,Cebidae,Callithrix,Callithrix jacchus,jacchus
Primates,Cebidae,Callithrix,Callithrix jacchus,jacchus
Primates,Cebidae,Callithrix,Callithrix jacchus,jacchus
Primates,Cebidae,Leontopithecus,Leontopithecus rosalia,rosalia
Primates,Cebidae,Leontopithecus,Leontopithecus rosalia,rosalia
Primates,Cebidae,Midas,Midas ursulus,ursulus
Primates,Cebidae,Cebus,Cebus capucinus,capucinus
Primates,Cebidae,Cebus,Cebus capucinus,capucinus
Primates,Cebidae,Cebus,Cebus capucinus,capucinus
Primates,Cebidae,Saimiri,Saimiri oerstedii,oerstedii
Primates,Cebidae,Saimiri,Saimiri oerstedii,oerstedii
Primates,Cebidae,Saimiri,Saimiri oerstedii,oerstedii
Primates,Cercopithecidae,Chlorocebus,Chlorocebus aethiops,aethiops
Primates,Cercopithecidae,Chlorocebus,Chlorocebus aethiops,aethiops
Primates,Cercopithecidae,Macaca,Macaca fascicularis,fascicularis
Primates,Cercopithecidae,Macaca,Macaca fascicularis,fascicularis
Primates,Cercopithecidae,Macaca,Macaca mulatta,mulatta
Primates,Cercopithecidae,Macaca,Macaca mulatta,mulatta
Primates,Cercopithecidae,Macaca,Macaca arctoides,arctoides
Primates,Cercopithecidae,Macaca,Macaca arctoides,arctoides
Primates,Cercopithecidae,Papio,Papio anubis,anubis
Primates,Cercopithecidae,Papio,Papio anubis,anubis
Primates,Cercopithecidae,Cercocebus,Cercocebus agilis,agilis
Primates,Cercopithecidae,Mandrillus,Mandrillus sphinx,sphinx
Primates,Cercopithecidae,Trachypithecus,Trachypithecus francoisi,francoisi
Primates,Cercopithecidae,Colobus,Colobus guereza,guereza
Primates,Cercopithecidae,Colobus,Colobus angolensis,angolensis
Primates,Cercopithecidae,Macaca,Macaca maura,maura
Primates,Cercopithecidae,Erythrocebus,Erythrocebus patas,patas
Primates,Cercopithecidae,Semnopithecus,Semnopithecus entellus,entellus
Primates,Cercopithecidae,Semnopithecus,Semnopithecus entellus,entellus
Primates,Cercopithecidae,Cercopithecus,Cercopithecus callitrichus,callitrichus
Primates,Cercopithecidae,Cercopithecus,Cercopithecus griseoviridis,griseoviridis
Primates,Cercopithecidae,Cercopithecus,Cercopithecus cynosurus,cynosurus
Primates,Cercopithecidae,Cercopithecus,Cercopithecus sabaeus,sabaeus
Primates,Cercopithecidae,Cercopithecus,Cercopithecus rufoviridis,rufoviridis
Primates,Cercopithecidae,Papio,Papio cynocephalus,cynocephalus
Primates,Cercopithecidae,Cercocebus,Cercocebus fuliginosus,fuliginosus
Primates,Cercopithecidae,Cercocebus,Cercocebus fuliginosus,fuliginosus
Primates,Cercopithecidae,Cercocebus,Cercocebus fuliginosus,fuliginosus
Primates,Cercopithecidae,Cercocebus,Cercocebus fuliginosus,fuliginosus
Primates,Cercopithecidae,Cercocebus,Cercocebus fuliginosus,fuliginosus
Primates,Cercopithecidae,Cercocebus,Cercocebus fuliginosus,fuliginosus
Primates,Cercopithecidae,Macaca,Macaca fascicularis,fascicularis
Primates,Cercopithecidae,Macaca,Macaca fascicularis,fascicularis
Primates,Cercopithecidae,Macaca,Macaca fascicularis,fascicularis
Primates,Cercopithecidae,Macaca,Macaca fascicularis,fascicularis
Primates,Cercopithecidae,Macaca,Macaca fascicularis,fascicularis
Primates,Cercopithecidae,Macaca,Macaca fascicularis,fascicularis
Primates,Cercopithecidae,Macaca,Macaca fascicularis,fascicularis
Primates,Cercopithecidae,Macaca,Macaca fascicularis,fascicularis
Primates,Cercopithecidae,Macaca,Macaca pileatus,pileatus
Primates,Cercopithecidae,Macaca,Macaca pileatus,pileatus
Primates,Cercopithecidae,Macaca,Macaca sylvanus,sylvanus
Primates,Cercopithecidae,Macaca,Macaca rhesus,rhesus
Primates,Cercopithecidae,Macaca,Macaca rhesus,rhesus
Primates,Cercopithecidae,Macaca,Macaca rhesus,rhesus
Primates,Cercopithecidae,Macaca,Macaca rhesus,rhesus
Primates,Cercopithecidae,Macaca,Macaca rhesus,rhesus
Primates,Cercopithecidae,Macaca,Macaca rhesus,rhesus
Primates,Cercopithecidae,Macaca,Macaca rhesus,rhesus
Primates,Cercopithecidae,Macaca,Macaca rhesus,rhesus
Primates,Cercopithecidae,Macaca,Macaca rhesus,rhesus
Primates,Cercopithecidae,Macaca,Macaca assamensis,assamensis
Primates,Cercopithecidae,Macaca,Macaca leonina,leonina
Primates,Cercopithecidae,Macaca,Macaca nemestrina,nemestrina
Primates,Cercopithecidae,Papio,Papio cynocephalus,cynocephalus
Primates,Cercopithecidae,Cercopithecus,Cercopithecus mitis,mitis
Primates,Cercopithecidae,Cercopithecus,Cercopithecus mitis,mitis
Primates,Cercopithecidae,Cercopithecus,Cercopithecus mitis,mitis
Primates,Cercopithecidae,Macacus,Macacus mulatta,mulatta
Primates,Cercopithecidae,Macacus,Macacus mulatta,mulatta
Primates,Cercopithecidae,Macacus,Macacus mulatta,mulatta
Primates,Cercopithecidae,Macacus,Macacus mulatta,mulatta
Primates,Cercopithecidae,Cercopithecus,Cercopithecus sp.,sp.
Primates,Cercopithecidae,Cercopithecus,Cercopithecus aethiops,aethiops
Primates,Cheirogaleidae,Cheirogaleus,Cheirogaleus medius,medius
Primates,Cheirogaleidae,Cheirogaleus,Cheirogaleus medius,medius
Primates,Cheirogaleidae,Cheirogaleus,Cheirogaleus major,major
Primates,Cheirogaleidae,Microcebus,Microcebus murinus,murinus
Primates,Daubentoniidae,Daubentonia,Daubentonia madagascariensis,madagascariensis
Primates,Galagidae,Galagoides,Galagoides demidovii,demidovii
Primates,Galagidae,Galagoides,Galagoides senegalensis,senegalensis
Primates,Galagidae,Galagoides,Galagoides crassicaudatus,crassicaudatus
Primates,Galagidae,Galago,Galago senegalensis,senegalensis
Primates,Hominidae,Pan,Pan troglodytes,troglodytes
Primates,Hominidae,Pongo,Pongo pygmaeus,pygmaeus
Primates,Hominidae,Gorilla,Gorilla gorilla,gorilla
Primates,Hominidae,Homo,Homo sapiens,sapiens
Primates,Hominidae,Pan,Pan troglodytes,troglodytes
Primates,Hominidae,Pan,Pan troglodytes,troglodytes
Primates,Hominidae,Pan,Pan troglodytes,troglodytes
Primates,Hominidae,Gorilla,Gorilla gorilla,gorilla
Primates,Hominidae,Homo,Homo sapiens,sapiens
Primates,Hominidae,Homo,Homo sapiens,sapiens
Primates,Hominidae,Homo,Homo sapiens,sapiens
Primates,Hominidae,Homo,Homo sapiens,sapiens
Primates,Hominidae,Homo,Homo sapiens,sapiens
Primates,Hominidae,Homo,Homo sapiens,sapiens
Primates,Hominidae,Homo,Homo sapiens,sapiens
Primates,Hominidae,Homo,Homo sapiens,sapiens
Primates,Hominidae,Homo,Homo sapiens,sapiens
Primates,Hominidae,Homo,Homo sapiens,sapiens
Primates,Hominidae,Homo,Homo sapiens,sapiens
Primates,Hominidae,Homo,Homo sapiens,sapiens
Primates,Hominidae,Homo,Homo sapiens,sapiens
Primates,Hominidae,Homo,Homo sapiens,sapiens
Primates,Hominidae,Homo,Homo sapiens,sapiens
Primates,Hominidae,Homo,Homo sapiens,sapiens
Primates,Hominidae,Homo,Homo sapiens,sapiens
Primates,Hominidae,Homo,Homo sapiens,sapiens
Primates,Hominidae,Homo,Homo sapiens,sapiens
Primates,Hominidae,Homo,Homo sapiens,sapiens
Primates,Hominidae,Homo,Homo sapiens,sapiens
Primates,Hominidae,Homo,Homo sapiens,sapiens
Primates,Hominidae,Homo,Homo sapiens,sapiens
Primates,Hominidae,Homo,Homo sapiens,sapiens
Primates,Hominidae,Homo,Homo sapiens,sapiens
Primates,Hominidae,Homo,Homo sapiens,sapiens
Primates,Hominidae,Homo,Homo sapiens,sapiens
Primates,Hominidae,Homo,Homo sapiens,sapiens
Primates,Hominidae,Homo,Homo sapiens,sapiens
Primates,Hominidae,Homo,Homo sapiens,sapiens
Primates,Hominidae,Homo,Homo sapiens,sapiens
Primates,Hominidae,Homo,Homo sapiens,sapiens
Primates,Hominidae,Homo,Homo sapiens,sapiens
Primates,Hominidae,Homo,Homo sapiens,sapiens
Primates,Hominidae,Homo,Homo sapiens,sapiens
Primates,Hominidae,Homo,Homo sapiens,sapiens
Primates,Hominidae,Homo,Homo sapiens,sapiens
Primates,Hominidae,Homo,Homo sapiens,sapiens
Primates,Hominidae,Homo,Homo sapiens,sapiens
Primates,Hominidae,Homo,Homo sapiens,sapiens
Primates,Hominidae,Homo,Homo sapiens,sapiens
Primates,Hominidae,Homo,Homo sapiens,sapiens
Primates,Hominidae,Homo,Homo sapiens,sapiens
Primates,Hylobatidae,Hylobates,Hylobates muelleri,muelleri
Primates,Hylobatidae,Hylobates,Hylobates syndactylus,syndactylus
Primates,Indriidae,Avahi,Avahi occidentalis,occidentalis
Primates,Indriidae,Avahi,Avahi laniger,laniger
Primates,Indriidae,Propithecus,Propithecus coquereli,coquereli
Primates,Indriidae,Indri,Indri indri,indri
Primates,Indriidae,Propithecus,Propithecus coronatus,coronatus
Primates,Lemuridae,Lemur,Lemur catta,catta
Primates,Lemuridae,Prolemur,Prolemur simus,simus
Primates,Lemuridae,Eulemur,Eulemur fulvus,fulvus
Primates,Lemuridae,Eulemur,Eulemur albifrons,albifrons
Primates,Lemuridae,Eulemur,Eulemur rufiventer,rufiventer
Primates,Lemuridae,Eulemur,Eulemur mongoz,mongoz
Primates,Lemuridae,Eulemur,Eulemur catta,catta
Primates,Lemuridae,Eulemur,Eulemur macaco,macaco
Primates,Lemuridae,Eulemur,Eulemur variegatus,variegatus
Primates,Lemuridae,Eulemur,Eulemur macaco,macaco
Primates,Lemuridae,Eulemur,Eulemur macaco,macaco
Primates,Lemuridae,Eulemur,Eulemur macaco,macaco
Primates,Lemuridae,Eulemur,Eulemur rufriventer,rufriventer
Primates,Lemuridae,Eulemur,Eulemur rufriventer,rufriventer
Primates,Lemuridae,Eulemur,Eulemur albifrons,albifrons
Primates,Lemuridae,Eulemur,Eulemur mongoz,mongoz
Primates,Lemuridae,Eulemur,Eulemur mongoz,mongoz
Primates,Lemuridae,Eulemur,Eulemur mongoz,mongoz
Primates,Lemuridae,Lemur,Lemur catta,catta
Primates,Lemuridae,Lemur,Lemur catta,catta
Primates,Lepilemuridae,Lepilemur,Lepilemur ruficaudatus,ruficaudatus
Primates,Lorisidae,Nycticebus,Nycticebus pygmaeus,pygmaeus
Primates,Lorisidae,Nycticebus,Nycticebus coucang,coucang
Primates,Lorisidae,Perodicticus,Perodicticus potto,potto
Primates,Lorisidae,Loris,Loris tardigradus,tardigradus
Primates,Lorisidae,Loris,Loris tardigradus,tardigradus
Primates,Lorisidae,Nycticebus,Nycticebus coucang,coucang
Primates,Lorisidae,Perodicticus,Perodicticus potto,potto
Primates,Lorisidae,Perodicticus,Perodicticus potto,potto
Primates,Lorisidae,Nycticebus,Nycticebus tardigradus,tardigradus
Primates,Lorisidae,Nycticebus,Nycticebus tardigradus,tardigradus
Primates,Tarsiidae,Tarsius,Tarsius bancanus,bancanus
Primates,Tarsiidae,Carlito,Carlito syrichta,syrichta
Primates,Tarsiidae,Tarsius,Tarsius spectrum,spectrum
Rodentia,Aplodontiidae,Aplodontia,Aplodontia rufa,rufa
Rodentia,Bathyergidae,Fukomys,Fukomys mechowi,mechowi
Rodentia,Bathyergidae,Georychus,Georychus capensis,capensis
Rodentia,Bathyergidae,Georychus,Georychus capensis,capensis
Rodentia,Bathyergidae,Georychus,Georychus capensis,capensis
Rodentia,Bathyergidae,Georychus,Georychus capensis,capensis
Rodentia,Bathyergidae,Georychus,Georychus capensis,capensis
Rodentia,Bathyergidae,Georychus,Georychus capensis,capensis
Rodentia,Bathyergidae,Georychus,Georychus capensis,capensis
Rodentia,Bathyergidae,Georychus,Georychus capensis,capensis
Rodentia,Bathyergidae,Georychus,Georychus capensis,capensis
Rodentia,Bathyergidae,Cryptomys,Cryptomys sp.,sp.
Rodentia,Bathyergidae,Fukomys,Fukomys damarensis,damarensis
Rodentia,Capromyidae,Capromys,Capromys pilorides,pilorides
Rodentia,Castoridae,Castor,Castor canadensis,canadensis
Rodentia,Castoridae,Castor,Castor canadensis,canadensis
Rodentia,Caviidae,Dolichotis,Dolichotis patagonum,patagonum
Rodentia,Caviidae,Cavia,Cavia porcellus,porcellus
Rodentia,Caviidae,Cavia,Cavia porcellus,porcellus
Rodentia,Caviidae,Cavia,Cavia porcellus,porcellus
Rodentia,Caviidae,Cavia,Cavia porcellus,porcellus
Rodentia,Caviidae,Cavia,Cavia apera,apera
Rodentia,Caviidae,Hydrochoerus,Hydrochoerus isthmius,isthmius
Rodentia,Caviidae,Cavia,Cavia porcellus,porcellus
Rodentia,Caviidae,Cavia,Cavia porcellus,porcellus
Rodentia,Caviidae,Cavia,Cavia porcellus,porcellus
Rodentia,Caviidae,Cavia,Cavia porcellus,porcellus
Rodentia,Caviidae,Cavia,Cavia porcellus,porcellus
Rodentia,Caviidae,Cavia,Cavia porcellus,porcellus
Rodentia,Caviidae,Cavia,Cavia porcellus,porcellus
Rodentia,Caviidae,Kerodon,Kerodon rupestris,rupestris
Rodentia,Caviidae,Dolichotis,Dolichotis salinicola,salinicola
Rodentia,Caviidae,Hydrochaeris,Hydrochaeris hydrochaeris,hydrochaeris
Rodentia,Chinchillidae,Lagidium,Lagidium viscacia,viscacia
Rodentia,Chinchillidae,Lagidium,Lagidium viscacia,viscacia
Rodentia,Chinchillidae,Lagidium,Lagidium viscacia,viscacia
Rodentia,Chinchillidae,Lagidium,Lagidium viscacia,viscacia
Rodentia,Chinchillidae,Chinchilla,Chinchilla lanigera,lanigera
Rodentia,Cricetidae,Cricetus,Cricetus cricetus,cricetus
Rodentia,Cricetidae,Lemmus,Lemmus trimucronatus,trimucronatus
Rodentia,Cricetidae,Lemmus,Lemmus trimucronatus,trimucronatus
Rodentia,Cricetidae,Dicrostonyx,Dicrostonyx groenlandicus,groenlandicus
Rodentia,Cricetidae,Dicrostonyx,Dicrostonyx groenlandicus,groenlandicus
Rodentia,Cricetidae,Microtus,Microtus drummondi,drummondi
Rodentia,Cricetidae,Microtus,Microtus drummondi,drummondi
Rodentia,Cricetidae,Microtus,Microtus drummondi,drummondi
Rodentia,Cricetidae,Microtus,Microtus pennsylvanicus,pennsylvanicus
Rodentia,Cricetidae,Microtus,Microtus pennsylvanicus,pennsylvanicus
Rodentia,Cricetidae,Microtus,Microtus pennsylvanicus,pennsylvanicus
Rodentia,Cricetidae,Peromyscus,Peromyscus sp.,sp.
Rodentia,Cricetidae,Peromyscus,Peromyscus sp.,sp.
Rodentia,Cricetidae,Peromyscus,Peromyscus sp.,sp.
Rodentia,Cricetidae,Ondatra,Ondatra zibethicus,zibethicus
Rodentia,Cricetidae,Neotoma,Neotoma sp.,sp.
Rodentia,Cricetidae,Neotoma,Neotoma sp.,sp.
Rodentia,Cricetidae,Microtus,Microtus nivalis,nivalis
Rodentia,Cricetidae,Myopus,Myopus schisticolor,schisticolor
Rodentia,Cricetidae,Microtus,Microtus breweri,breweri
Rodentia,Cricetidae,Microtus,Microtus pennsylvanicus,pennsylvanicus
Rodentia,Cricetidae,Microtus,Microtus oeconomus,oeconomus
Rodentia,Cricetidae,Dicrostonyx,Dicrostonyx groenlandicus,groenlandicus
Rodentia,Cricetidae,Lemmus,Lemmus trimucronatus,trimucronatus
Rodentia,Cricetidae,Abrothrix,Abrothrix andinus,andinus
Rodentia,Cricetidae,Abrothrix,Abrothrix longipilis,longipilis
Rodentia,Cricetidae,Abrothrix,Abrothrix olivaceus,olivaceus
Rodentia,Cricetidae,Auliscomys,Auliscomys boliviensis,boliviensis
Rodentia,Cricetidae,Auliscomys,Auliscomys micropus,micropus
Rodentia,Cricetidae,Eligmodontia,Eligmodontia typus,typus
Rodentia,Cricetidae,Oryzomys,Oryzomys longicaudatus,longicaudatus
Rodentia,Cricetidae,Phyllotis,Phyllotis darwini,darwini
Rodentia,Cricetidae,Peromyscus,Peromyscus pirrensis,pirrensis
Rodentia,Cricetidae,Peromyscus,Peromyscus pirrensis,pirrensis
Rodentia,Cricetidae,Peromyscus,Peromyscus pirrensis,pirrensis
Rodentia,Cricetidae,Peromyscus,Peromyscus pirrensis,pirrensis
Rodentia,Cricetidae,Peromyscus,Peromyscus pirrensis,pirrensis
Rodentia,Cricetidae,Peromyscus,Peromyscus pirrensis,pirrensis
Rodentia,Cricetidae,Ochrotomys,Ochrotomys nuttalli,nuttalli
Rodentia,Cricetidae,Phyllotis,Phyllotis rupestris,rupestris
Rodentia,Cricetidae,Phyllotis,Phyllotis magister,magister
Rodentia,Cricetidae,Phyllotis,Phyllotis darwini,darwini
Rodentia,Cricetidae,Oxymycterus,Oxymycterus roberti,roberti
Rodentia,Cricetidae,Oxymycterus,Oxymycterus roberti,roberti
Rodentia,Cricetidae,Clethrionomys,Clethrionomys californicus,californicus
Rodentia,Cricetidae,Phenacomys,Phenacomys intermedius,intermedius
Rodentia,Cricetidae,Arborimus,Arborimus longicaudus,longicaudus
Rodentia,Cricetidae,Clethrionomys,Clethrionomys gapperi,gapperi
Rodentia,Cricetidae,Clethrionomys,Clethrionomys gapperi,gapperi
Rodentia,Cricetidae,Microtus,Microtus pinetorum,pinetorum
Rodentia,Cricetidae,Microtus,Microtus longicaudus,longicaudus
Rodentia,Cricetidae,Lagurus,Lagurus curtatus,curtatus
Rodentia,Cricetidae,Microtus,Microtus oeconomus,oeconomus
Rodentia,Cricetidae,Microtus,Microtus montanus,montanus
Rodentia,Cricetidae,Microtus,Microtus montanus,montanus
Rodentia,Cricetidae,Microtus,Microtus montanus,montanus
Rodentia,Cricetidae,Lemmus,Lemmus sibiricus,sibiricus
Rodentia,Cricetidae,Microtus,Microtus xanthognathus,xanthognathus
Rodentia,Cricetidae,Dicrostonyx,Dicrostonyx groenlandicus,groenlandicus
Rodentia,Cricetidae,Dicrostonyx,Dicrostonyx groenlandicus,groenlandicus
Rodentia,Cricetidae,Arvicola,Arvicola richardsoni,richardsoni
Rodentia,Cricetidae,Neofiber,Neofiber alleni,alleni
Rodentia,Cricetidae,Ondatra,Ondatra zibethicus,zibethicus
Rodentia,Cuniculidae,Cuniculus,Cuniculus paca,paca
Rodentia,Cuniculidae,Agouti,Agouti paca,paca
Rodentia,Dasyproctidae,Dasyprocta,Dasyprocta punctata,punctata
Rodentia,Dasyproctidae,Dasyprocta,Dasyprocta punctata,punctata
Rodentia,Dasyproctidae,Dasyprocta,Dasyprocta punctata,punctata
Rodentia,Dasyproctidae,Myoprocta,Myoprocta acouchy,acouchy
Rodentia,Dasyproctidae,Dasyprocta,Dasyprocta leporina,leporina
Rodentia,Dasyproctidae,Dasyprocta,Dasyprocta azarae,azarae
Rodentia,Dipodidae,Allactaga,Allactaga saliens,saliens
Rodentia,Dipodidae,Jaculus,Jaculus orientalis,orientalis
Rodentia,Dipodidae,Zapus,Zapus hudsonicus,hudsonicus
Rodentia,Dipodidae,Zapus,Zapus hudsonicus,hudsonicus
Rodentia,Dipodidae,Zapus,Zapus hudsonius,hudsonius
Rodentia,Echimyidae,Clyomys,Clyomys laticeps,laticeps
Rodentia,Echimyidae,Echimys,Echimys chrysurus,chrysurus
Rodentia,Echimyidae,Makalata,Makalata didelphoides,didelphoides
Rodentia,Echimyidae,Makalata,Makalata macrura,macrura
Rodentia,Echimyidae,Mesomys,Mesomys hispidus,hispidus
Rodentia,Echimyidae,Proechimys,Proechimys brevicauda,brevicauda
Rodentia,Echimyidae,Trichomys,Trichomys apereoides,apereoides
Rodentia,Erethizontidae,Coendou,Coendou prehensilis,prehensilis
Rodentia,Erethizontidae,Coendou,Coendou rothschildi,rothschildi
Rodentia,Erethizontidae,Sphiggurus,Sphiggurus vestitus,vestitus
Rodentia,Erethizontidae,Erethizon,Erethizon dorsatum,dorsatum
Rodentia,Erethizontidae,Erethizon,Erethizon dorsatum,dorsatum
Rodentia,Erethizontidae,Erethizon,Erethizon dorsatum,dorsatum
Rodentia,Geomyidae,Thomomys,Thomomys sp.,sp.
Rodentia,Geomyidae,Thomomys,Thomomys sp.,sp.
Rodentia,Geomyidae,Geomys,Geomys bursarius,bursarius
Rodentia,Gliridae,Glis,Glis glis,glis
Rodentia,Gliridae,Muscardinus,Muscardinus avellanarius,avellanarius
Rodentia,Heteromyidae,Perognathus,Perognathus longimembris,longimembris
Rodentia,Heteromyidae,Perognathus,Perognathus hispidus,hispidus
Rodentia,Heteromyodae,Perognathus,Perognathus californicus,californicus
Rodentia,Hystricidae,Atherurus,Atherurus macrourus,macrourus
Rodentia,Hystricidae,Hystrix,Hystrix africaeaustralis,africaeaustralis
Rodentia,Hystricidae,Hystrix,Hystrix brachyura,brachyura
Rodentia,Hystricidae,Hystrix,Hystrix cristata,cristata
Rodentia,Hystricidae,Hystrix,Hystrix indica,indica
Rodentia,Hystricidae,Hystrix,Hystrix sumatrae,sumatrae
Rodentia,Hystricidae,Trichys,Trichys fasciculata,fasciculata
Rodentia,Hystricidae,Atherurus,Atherurus africanus,africanus
Rodentia,Muridae,Rattus,Rattus norvegicus,norvegicus
Rodentia,Muridae,Rattus,Rattus norvegicus,norvegicus
Rodentia,Muridae,Gerbillus,Gerbillus gerbillus,gerbillus
Rodentia,Muridae,Mastomys,Mastomys coucha,coucha
Rodentia,Muridae,Rattus,Rattus norvegicus,norvegicus
Rodentia,Muridae,Rattus,Rattus norvegicus,norvegicus
Rodentia,Muridae,Gerbillus,Gerbillus allenbyi,allenbyi
Rodentia,Muridae,Gerbillus,Gerbillus nanus,nanus
Rodentia,Muridae,Myotomys,Myotomys unisulcatus,unisulcatus
Rodentia,Muridae,Parotomys,Parotomys brantsii,brantsii
Rodentia,Muridae,Tatera,Tatera afra,afra
Rodentia,Muridae,Otomys,Otomys sloggetti,sloggetti
Rodentia,Muridae,Hydromys,Hydromys chrysogaster,chrysogaster
Rodentia,Muridae,Mus,Mus musculus,musculus
Rodentia,Nesomyidae,Cricetomys,Cricetomys gambianus,gambianus
Rodentia,Nesomyidae,Mystromys,Mystromys albicaudatus,albicaudatus
Rodentia,Octodontidae,Octomys,Octomys mimax,mimax
Rodentia,Octodontidae,Tympanoctomys,Tympanoctomys barrerae,barrerae
Rodentia,Octodontidae,Tympanoctomys,Tympanoctomys barrerae,barrerae
Rodentia,Octodontidae,Octodontomys,Octodontomys gliroides,gliroides
Rodentia,Octodontidae,Octodon,Octodon degus,degus
Rodentia,Octodontidae,Spalacopus,Spalacopus cyanus,cyanus
Rodentia,Sciuridae,Rubrisciurus,Rubrisciurus rubriventer,rubriventer
Rodentia,Sciuridae,Rubrisciurus,Rubrisciurus rubriventer,rubriventer
Rodentia,Sciuridae,Sciurus,Sciurus niger,niger
Rodentia,Sciuridae,Marmota,Marmota sibirica,sibirica
Rodentia,Sciuridae,Ictidomys,Ictidomys tridecemlineatus,tridecemlineatus
Rodentia,Sciuridae,Ictidomys,Ictidomys tridecemlineatus,tridecemlineatus
Rodentia,Sciuridae,Tamias,Tamias striatus,striatus
Rodentia,Sciuridae,Tamias,Tamias striatus,striatus
Rodentia,Sciuridae,Tamias,Tamias striatus,striatus
Rodentia,Sciuridae,Cynomys,Cynomys gunnisoni,gunnisoni
Rodentia,Sciuridae,Sciurus,Sciurus aberti,aberti
Rodentia,Sciuridae,Callospermophilus,Callospermophilus sp.,sp.
Rodentia,Sciuridae,Spermophilus,Spermophilus tridecemlineatus,tridecemlineatus
Rodentia,Sciuridae,Tamiasciurus,Tamiasciurus hudsonicus,hudsonicus
Rodentia,Sciuridae,Tamiasciurus,Tamiasciurus hudsonicus,hudsonicus
Rodentia,Sciuridae,Tamiasciurus,Tamiasciurus hudsonicus,hudsonicus
Rodentia,Sciuridae,Tamiasciurus,Tamiasciurus hudsonicus,hudsonicus
Rodentia,Sciuridae,Tamiasciurus,Tamiasciurus hudsonicus,hudsonicus
Rodentia,Sciuridae,Tamiasciurus,Tamiasciurus hudsonicus,hudsonicus
Rodentia,Sciuridae,Tamiasciurus,Tamiasciurus hudsonicus,hudsonicus
Rodentia,Sciuridae,Eutamias,Eutamias minimus borealis,minimus borealis
Rodentia,Sciuridae,Eutamias,Eutamias minimus oreocetes,minimus oreocetes
Rodentia,Sciuridae,Eutamias,Eutamias amoenus luteiventris,amoenus luteiventris
Rodentia,Sciuridae,Otospermophilus,Otospermophilus beecheyi,beecheyi
Rodentia,Sciuridae,Tamias,Tamias striatus,striatus
Rodentia,Sciuridae,Cynomys,Cynomys ludovicianus,ludovicianus
Rodentia,Sciuridae,Citellus,Citellus undulatus,undulatus
Rodentia,Sciuridae,Ictidomys,Ictidomys tridecemlineatus,tridecemlineatus
Rodentia,Sciuridae,Tamiasciurus,Tamiasciurus hudsonicus,hudsonicus
Rodentia,Sciuridae,Tamiasciurus,Tamiasciurus hudsonicus,hudsonicus
Rodentia,Spalacidae,Spalax,Spalax ehrenbergi,ehrenbergi
Rodentia,Spalacidae,Spalax,Spalax ehrenbergi,ehrenbergi
Rodentia,Spalacidae,Spalax,Spalax ehrenbergi,ehrenbergi
Rodentia,Spalacidae,Spalax,Spalax ehrenbergi,ehrenbergi
Rodentia,Spalacidae,Spalax,Spalax ehrenbergi,ehrenbergi
Rodentia,Spalacidae,Cannomys,Cannomys badius,badius
Rondentia,Muridae,Rattus,Rattus sp.,sp.
Rondentia,Muridae,Meriones,Meriones unguiculatus,unguiculatus
Rondentia,Muridae,Mus,Mus sp.,sp.
Scandentia,Tupaiidae,Tupaia,Tupaia javanica,javanica
Scandentia,Tupaiidae,Tupaia,Tupaia glis,glis
Scandentia,Tupaiidae,Urogale,Urogale everetti,everetti
Soricomorpha,Talpidae,Desmana,Desmana moschata,moschata
Tubulidentata,Orycteropodidae,Orycteropus,Orycteropus afer,afer
Xenarthra,Megalonychidae,Choloepus,Choloepus didactylus,didactylus